"position","const","created","modified","description","Title","Title type","Directors","IMDb Rating","Runtime (mins)","Year","Genres","Num. Votes","Release Date (month/day/year)","URL"
"1","tt1130884","Sun Mar 18 02:23:33 2012","Sun Mar 18 02:23:33 2012","","Shutter Island","Feature Film","Martin Scorsese","8.0","138","2010","drama, mystery, thriller","350829","2010-02-13","http://www.imdb.com/title/tt1130884/"
"2","tt0407362","Sun Mar 18 02:32:49 2012","Sun Mar 18 02:32:49 2012","","Battlestar Galactica","TV Series","","8.8","","2004","action, adventure, drama, sci_fi","69305","2004","http://www.imdb.com/title/tt0407362/"
"3","tt0138704","Sun Apr  1 07:09:43 2012","Sun Apr  1 07:09:43 2012","","Pi","Feature Film","Darren Aronofsky","7.5","84","1998","drama, sci_fi, thriller","92917","1998-01","http://www.imdb.com/title/tt0138704/"
"4","tt0775489","Sun Apr  1 07:10:25 2012","Sun Apr  1 07:10:25 2012","","The Illusionist","Feature Film","Sylvain Chomet","7.5","80","2010","animation, drama, fantasy","17662","2010-02-16","http://www.imdb.com/title/tt0775489/"
"5","tt0964517","Sun Apr  1 09:14:21 2012","Sun Apr  1 09:14:21 2012","","The Fighter","Feature Film","David O. Russell","7.9","116","2010","biography, drama, sport","146437","2010-12-10","http://www.imdb.com/title/tt0964517/"
"6","tt0357413","Sat Jan 26 09:50:19 2013","Sat Jan 26 09:50:19 2013","","Anchorman: The Legend of Ron Burgundy","Feature Film","Adam McKay","7.2","94","2004","comedy","142346","2004-07-09","http://www.imdb.com/title/tt0357413/"
"7","tt2125435","Sat Jan 26 09:50:47 2013","Sat Jan 26 09:50:47 2013","","Beasts of the Southern Wild","Feature Film","Benh Zeitlin","7.4","93","2012","drama, fantasy","20961","2012-01-20","http://www.imdb.com/title/tt2125435/"
"8","tt1475582","Sat Jan 26 09:51:11 2013","Sat Jan 26 09:51:11 2013","","Sherlock","TV Series","","9.2","90","2010","crime, drama, mystery","116963","2010","http://www.imdb.com/title/tt1475582/"
"9","tt1343727","Sat Jan 26 09:56:59 2013","Sat Jan 26 09:56:59 2013","","Dredd","Feature Film","Pete Travis","7.1","95","2012","action, crime, sci_fi, thriller","62150","2012-07-11","http://www.imdb.com/title/tt1343727/"
"10","tt1276104","Sat Jan 26 09:57:15 2013","Sat Jan 26 09:57:15 2013","","Looper","Feature Film","Rian Johnson","7.7","119","2012","action, crime, sci_fi, thriller","161501","2012-09-06","http://www.imdb.com/title/tt1276104/"
"11","tt0944947","Sat Jan 26 09:57:39 2013","Sat Jan 26 09:57:39 2013","","Game of Thrones","TV Series","","9.4","60","2011","adventure, drama, fantasy","253613","2011-04-17","http://www.imdb.com/title/tt0944947/"
"12","tt1392170","Sat Jan 26 09:58:24 2013","Sat Jan 26 09:58:24 2013","","The Hunger Games","Feature Film","Gary Ross","7.2","142","2012","action, adventure, sci_fi, thriller","300027","2012-03-12","http://www.imdb.com/title/tt1392170/"
"13","tt0111161","Sat Jan 26 09:58:48 2013","Sat Jan 26 09:58:48 2013","","The Shawshank Redemption","Feature Film","Frank Darabont","9.3","142","1994","crime, drama","901530","1994-09-10","http://www.imdb.com/title/tt0111161/"
"14","tt0110912","Sat Jan 26 09:58:58 2013","Sat Jan 26 09:58:58 2013","","Pulp Fiction","Feature Film","Quentin Tarantino","9.0","154","1994","crime, thriller","702832","1994-05","http://www.imdb.com/title/tt0110912/"
"15","tt0060196","Sat Jan 26 09:59:04 2013","Sat Jan 26 09:59:04 2013","","The Good, the Bad and the Ugly","Feature Film","Sergio Leone","9.0","161","1966","adventure, western","276052","1966-12-23","http://www.imdb.com/title/tt0060196/"
"16","tt0050083","Sat Jan 26 09:59:15 2013","Sat Jan 26 09:59:15 2013","","12 Angry Men","Feature Film","Sidney Lumet","8.9","96","1957","drama, mystery","222054","1957-04-10","http://www.imdb.com/title/tt0050083/"
"17","tt0468569","Sat Jan 26 09:59:21 2013","Sat Jan 26 09:59:21 2013","","The Dark Knight","Feature Film","Christopher Nolan","9.0","152","2008","action, crime, drama, thriller","883251","2008-07-14","http://www.imdb.com/title/tt0468569/"
"18","tt0108052","Sat Jan 26 09:59:27 2013","Sat Jan 26 09:59:27 2013","","Schindler's List","Feature Film","Steven Spielberg","8.9","195","1993","biography, drama, history, war","465060","1993-11-30","http://www.imdb.com/title/tt0108052/"
"19","tt0167260","Sat Jan 26 09:59:36 2013","Sat Jan 26 09:59:36 2013","","The Lord of the Rings: The Return of the King","Feature Film","Peter Jackson","8.9","201","2003","action, adventure, fantasy","646438","2003-12-01","http://www.imdb.com/title/tt0167260/"
"20","tt0137523","Sat Jan 26 09:59:45 2013","Sat Jan 26 09:59:45 2013","","Fight Club","Feature Film","David Fincher","8.9","139","1999","drama","688389","1999-09-10","http://www.imdb.com/title/tt0137523/"
"21","tt0080684","Sat Jan 26 09:59:52 2013","Sat Jan 26 09:59:52 2013","","Star Wars: Episode V - The Empire Strikes Back","Feature Film","Irvin Kershner","8.8","124","1980","action, adventure, sci_fi","447829","1980-05-17","http://www.imdb.com/title/tt0080684/"
"22","tt0120737","Sat Jan 26 10:00:01 2013","Sat Jan 26 10:00:01 2013","","The Lord of the Rings: The Fellowship of the Ring","Feature Film","Peter Jackson","8.8","178","2001","action, adventure, drama, fantasy","671786","2001-12-10","http://www.imdb.com/title/tt0120737/"
"23","tt1375666","Sat Jan 26 10:00:08 2013","Sat Jan 26 10:00:08 2013","","Inception","Feature Film","Christopher Nolan","8.8","148","2010","action, adventure, mystery, sci_fi, thriller","698705","2010-07-08","http://www.imdb.com/title/tt1375666/"
"24","tt0133093","Sat Jan 26 10:00:21 2013","Sat Jan 26 10:00:21 2013","","The Matrix","Feature Film","The Wachowski Brothers, The Wachowski Brothers","8.7","136","1999","action, adventure, sci_fi","655817","1999-03-31","http://www.imdb.com/title/tt0133093/"
"25","tt0167261","Sat Jan 26 10:00:28 2013","Sat Jan 26 10:00:28 2013","","The Lord of the Rings: The Two Towers","Feature Film","Peter Jackson","8.7","179","2002","action, adventure, drama, fantasy","580167","2002-12-05","http://www.imdb.com/title/tt0167261/"
"26","tt0114369","Sat Jan 26 10:00:35 2013","Sat Jan 26 10:00:35 2013","","Se7en","Feature Film","David Fincher","8.7","127","1995","crime, mystery, thriller","525283","1995-09-22","http://www.imdb.com/title/tt0114369/"
"27","tt0102926","Sat Jan 26 10:00:41 2013","Sat Jan 26 10:00:41 2013","","The Silence of the Lambs","Feature Film","Jonathan Demme","8.7","118","1991","crime, drama, thriller","440223","1991-01-30","http://www.imdb.com/title/tt0102926/"
"28","tt0034583","Sat Jan 26 10:00:46 2013","Sat Jan 26 10:00:46 2013","","Casablanca","Feature Film","Michael Curtiz","8.7","102","1942","drama, romance, war","245357","1942-11-26","http://www.imdb.com/title/tt0034583/"
"29","tt0114814","Sat Jan 26 10:00:54 2013","Sat Jan 26 10:00:54 2013","","The Usual Suspects","Feature Film","Bryan Singer","8.7","106","1995","crime, drama, mystery, thriller","417821","1994-10","http://www.imdb.com/title/tt0114814/"
"30","tt0209144","Sat Jan 26 10:01:08 2013","Sat Jan 26 10:01:08 2013","","Memento","Feature Film","Christopher Nolan","8.6","113","2000","mystery, thriller","477813","2000-09-05","http://www.imdb.com/title/tt0209144/"
"31","tt0103064","Sat Jan 26 10:01:18 2013","Sat Jan 26 10:01:18 2013","","Terminator 2: Judgment Day","Feature Film","James Cameron","8.6","137","1991","action, sci_fi, thriller","412114","1991-07-01","http://www.imdb.com/title/tt0103064/"
"32","tt1345836","Sat Jan 26 10:01:31 2013","Sat Jan 26 10:01:31 2013","","The Dark Knight Rises","Feature Film","Christopher Nolan","8.7","165","2012","action, crime, thriller","527378","2012-07-16","http://www.imdb.com/title/tt1345836/"
"33","tt0245429","Sat Jan 26 10:01:38 2013","Sat Jan 26 10:01:38 2013","","Spirited Away","Feature Film","Hayao Miyazaki","8.6","125","2001","animation, adventure, family, fantasy","201902","2001-07-20","http://www.imdb.com/title/tt0245429/"
"34","tt0081505","Sat Jan 26 10:01:44 2013","Sat Jan 26 10:01:44 2013","","The Shining","Feature Film","Stanley Kubrick","8.5","","1980","horror, mystery","320218","1980-05-23","http://www.imdb.com/title/tt0081505/"
"35","tt0253474","Sat Jan 26 10:01:52 2013","Sat Jan 26 10:01:52 2013","","The Pianist","Feature Film","Roman Polanski","8.5","150","2002","biography, drama, war","247997","2002-05-24","http://www.imdb.com/title/tt0253474/"
"36","tt0435761","Sat Jan 26 10:02:14 2013","Sat Jan 26 10:02:14 2013","","Toy Story 3","Feature Film","Lee Unkrich","8.5","103","2010","animation, adventure, comedy, family, fantasy","265417","2010-06-12","http://www.imdb.com/title/tt0435761/"
"37","tt0910970","Sat Jan 26 10:02:22 2013","Sat Jan 26 10:02:22 2013","","WALL·E","Feature Film","Andrew Stanton","8.5","98","2008","animation, adventure, family, romance, sci_fi","360888","2008-06-23","http://www.imdb.com/title/tt0910970/"
"38","tt0066921","Sat Jan 26 10:02:30 2013","Sat Jan 26 10:02:30 2013","","A Clockwork Orange","Feature Film","Stanley Kubrick","8.5","136","1971","crime, drama, sci_fi","308032","1971-12-19","http://www.imdb.com/title/tt0066921/"
"39","tt0172495","Sat Jan 26 10:02:38 2013","Sat Jan 26 10:02:38 2013","","Gladiator","Feature Film","Ridley Scott","8.5","155","2000","action, adventure, drama","507969","2000-05-01","http://www.imdb.com/title/tt0172495/"
"40","tt0482571","Sat Jan 26 10:02:48 2013","Sat Jan 26 10:02:48 2013","","The Prestige","Feature Film","Christopher Nolan","8.5","130","2006","drama, mystery, thriller","414182","2006-10-17","http://www.imdb.com/title/tt0482571/"
"41","tt0180093","Sat Jan 26 10:02:59 2013","Sat Jan 26 10:02:59 2013","","Requiem for a Dream","Feature Film","Darren Aronofsky","8.4","102","2000","drama","324356","2000-05-14","http://www.imdb.com/title/tt0180093/"
"42","tt0338013","Sat Jan 26 10:03:08 2013","Sat Jan 26 10:03:08 2013","","Eternal Sunshine of the Spotless Mind","Feature Film","Michel Gondry","8.4","108","2004","drama, romance, sci_fi","375119","2004-03-19","http://www.imdb.com/title/tt0338013/"
"43","tt0086190","Sat Jan 26 10:03:19 2013","Sat Jan 26 10:03:19 2013","","Star Wars: Episode VI - Return of the Jedi","Feature Film","Richard Marquand","8.4","134","1983","action, adventure, fantasy, sci_fi","349683","1983-05-25","http://www.imdb.com/title/tt0086190/"
"44","tt0372784","Sat Jan 26 10:05:05 2013","Sat Jan 26 10:05:05 2013","","Batman Begins","Feature Film","Christopher Nolan","8.3","140","2005","action, adventure, crime, drama","515965","2005-06-10","http://www.imdb.com/title/tt0372784/"
"45","tt0457430","Sat Jan 26 10:05:12 2013","Sat Jan 26 10:05:12 2013","","Pan's Labyrinth","Feature Film","Guillermo del Toro","8.3","118","2006","drama, fantasy, war","268356","2006-05-27","http://www.imdb.com/title/tt0457430/"
"46","tt0361748","Sat Jan 26 10:05:25 2013","Sat Jan 26 10:05:25 2013","","Inglourious Basterds","Feature Film","Quentin Tarantino","8.3","153","2009","adventure, drama, war","410953","2009-05-20","http://www.imdb.com/title/tt0361748/"
"47","tt1049413","Sat Jan 26 10:05:32 2013","Sat Jan 26 10:05:32 2013","","Up","Feature Film","Pete Docter, Bob Peterson","8.3","96","2009","animation, adventure, comedy, drama, family, fantasy","302058","2009-05-13","http://www.imdb.com/title/tt1049413/"
"48","tt0114709","Sat Jan 26 10:05:39 2013","Sat Jan 26 10:05:39 2013","","Toy Story","Feature Film","John Lasseter","8.3","81","1995","animation, adventure, comedy, family, fantasy","306396","1995-11-19","http://www.imdb.com/title/tt0114709/"
"49","tt0848228","Sat Jan 26 10:06:01 2013","Sat Jan 26 10:06:01 2013","","The Avengers","Feature Film","Joss Whedon","8.3","143","2012","action","445183","2012-04-11","http://www.imdb.com/title/tt0848228/"
"50","tt0120735","Sat Jan 26 10:06:15 2013","Sat Jan 26 10:06:15 2013","","Lock, Stock and Two Smoking Barrels","Feature Film","Guy Ritchie","8.2","107","1998","crime, thriller","235390","1998-08-28","http://www.imdb.com/title/tt0120735/"
"51","tt0167404","Sat Jan 26 10:06:31 2013","Sat Jan 26 10:06:31 2013","","The Sixth Sense","Feature Film","M. Night Shyamalan","8.2","107","1999","drama, mystery, thriller","407483","1999-08-02","http://www.imdb.com/title/tt0167404/"
"52","tt0117951","Sat Jan 26 10:06:44 2013","Sat Jan 26 10:06:44 2013","","Trainspotting","Feature Film","Danny Boyle","8.2","94","1996","crime, drama","262181","1996-02-23","http://www.imdb.com/title/tt0117951/"
"53","tt0266697","Sat Jan 26 10:06:53 2013","Sat Jan 26 10:06:53 2013","","Kill Bill: Vol. 1","Feature Film","Quentin Tarantino","8.2","111","2003","action, crime, thriller","402826","2003-10-10","http://www.imdb.com/title/tt0266697/"
"54","tt1291584","Sat Jan 26 10:07:00 2013","Sat Jan 26 10:07:00 2013","","Warrior","Feature Film","Gavin O'Connor","8.2","140","2011","drama, sport","148814","2011-09-09","http://www.imdb.com/title/tt1291584/"
"55","tt0758758","Sat Jan 26 10:07:18 2013","Sat Jan 26 10:07:18 2013","","Into the Wild","Feature Film","Sean Penn","8.2","148","2007","adventure, biography, drama","215415","2007-09-01","http://www.imdb.com/title/tt0758758/"
"56","tt1504320","Sat Jan 26 10:07:37 2013","Sat Jan 26 10:07:37 2013","","The King's Speech","Feature Film","Tom Hooper","8.2","118","2010","biography, drama, history","232130","2010-09-06","http://www.imdb.com/title/tt1504320/"
"57","tt0434409","Sat Jan 26 10:07:57 2013","Sat Jan 26 10:07:57 2013","","V for Vendetta","Feature Film","James McTeigue","8.2","132","2005","action, fantasy, thriller","428012","2005-12-11","http://www.imdb.com/title/tt0434409/"
"58","tt0266543","Sat Jan 26 10:08:03 2013","Sat Jan 26 10:08:03 2013","","Finding Nemo","Feature Film","Andrew Stanton, Lee Unkrich","8.1","100","2003","animation, adventure, comedy, family","337030","2003-05-30","http://www.imdb.com/title/tt0266543/"
"59","tt0892769","Sat Jan 26 10:08:09 2013","Sat Jan 26 10:08:09 2013","","How to Train Your Dragon","Feature Film","Dean DeBlois, Chris Sanders","8.2","98","2010","animation, adventure, comedy, drama, family, fantasy","195286","2010-03-18","http://www.imdb.com/title/tt0892769/"
"60","tt0246578","Sat Jan 26 10:08:28 2013","Sat Jan 26 10:08:28 2013","","Donnie Darko","Feature Film","Richard Kelly","8.2","113","2001","drama, mystery, sci_fi","346970","2001-01-19","http://www.imdb.com/title/tt0246578/"
"61","tt0947798","Sat Jan 26 10:08:33 2013","Sat Jan 26 10:08:33 2013","","Black Swan","Feature Film","Darren Aronofsky","8.1","108","2010","drama, mystery, thriller","308837","2010-09-01","http://www.imdb.com/title/tt0947798/"
"62","tt0107048","Sat Jan 26 10:08:41 2013","Sat Jan 26 10:08:41 2013","","Groundhog Day","Feature Film","Harold Ramis","8.1","101","1993","comedy, drama, fantasy, romance","241536","1993-02-12","http://www.imdb.com/title/tt0107048/"
"63","tt0440963","Sat Jan 26 10:08:55 2013","Sat Jan 26 10:08:55 2013","","The Bourne Ultimatum","Feature Film","Paul Greengrass","8.1","115","2007","action, crime, thriller","276200","2007-07-25","http://www.imdb.com/title/tt0440963/"
"64","tt0083987","Sat Jan 26 10:09:03 2013","Sat Jan 26 10:09:03 2013","","Gandhi","Feature Film","Richard Attenborough","8.1","191","1982","biography, drama, history","91918","1982-11-30","http://www.imdb.com/title/tt0083987/"
"65","tt1010048","Sat Jan 26 10:09:14 2013","Sat Jan 26 10:09:14 2013","","Slumdog Millionaire","Feature Film","Danny Boyle, Loveleen Tandan","8.1","120","2008","drama, romance, thriller","357289","2008-08-30","http://www.imdb.com/title/tt1010048/"
"66","tt0268978","Sat Jan 26 10:09:20 2013","Sat Jan 26 10:09:20 2013","","A Beautiful Mind","Feature Film","Ron Howard","8.1","135","2001","biography, drama","281086","2001-12-13","http://www.imdb.com/title/tt0268978/"
"67","tt0075148","Sat Jan 26 10:09:56 2013","Sat Jan 26 10:09:56 2013","","Rocky","Feature Film","John G. Avildsen","8.1","119","1976","drama, sport","185485","1976-11-21","http://www.imdb.com/title/tt0075148/"
"68","tt1136608","Sat Jan 26 10:10:12 2013","Sat Jan 26 10:10:12 2013","","District 9","Feature Film","Neill Blomkamp","8.0","112","2009","action, sci_fi, thriller","320076","2009-08-13","http://www.imdb.com/title/tt1136608/"
"69","tt0120382","Sat Jan 26 10:10:24 2013","Sat Jan 26 10:10:24 2013","","The Truman Show","Feature Film","Peter Weir","8.0","103","1998","comedy, drama, sci_fi","326533","1998-06-01","http://www.imdb.com/title/tt0120382/"
"70","tt0325980","Sat Jan 26 10:10:31 2013","Sat Jan 26 10:10:31 2013","","Pirates of the Caribbean: The Curse of the Black Pearl","Feature Film","Gore Verbinski","8.1","143","2003","action, adventure, fantasy","439764","2003-06-28","http://www.imdb.com/title/tt0325980/"
"71","tt0382932","Sat Jan 26 10:10:42 2013","Sat Jan 26 10:10:42 2013","","Ratatouille","Feature Film","Brad Bird, Jan Pinkava","8.0","111","2007","animation, comedy, family, fantasy","262424","2007-06-22","http://www.imdb.com/title/tt0382932/"
"72","tt1201607","Sat Jan 26 10:10:52 2013","Sat Jan 26 10:10:52 2013","","Harry Potter and the Deathly Hallows: Part 2","Feature Film","David Yates","8.1","130","2011","adventure, drama, fantasy, mystery","243167","2011-07-07","http://www.imdb.com/title/tt1201607/"
"73","tt0796366","Sat Jan 26 10:11:03 2013","Sat Jan 26 10:11:03 2013","","Star Trek","Feature Film","J.J. Abrams","8.0","127","2009","action, adventure, sci_fi","279366","2009-04-06","http://www.imdb.com/title/tt0796366/"
"74","tt0986264","Sat Jan 26 10:11:19 2013","Sat Jan 26 10:11:19 2013","","Like Stars on Earth","Feature Film","Aamir Khan","8.4","165","2007","drama","25164","2007-12-21","http://www.imdb.com/title/tt0986264/"
"75","tt1187043","Sat Jan 26 10:11:47 2013","Sat Jan 26 10:11:47 2013","","3 Idiots","Feature Film","Rajkumar Hirani","8.3","170","2009","comedy, drama, romance","56177","2009-12-23","http://www.imdb.com/title/tt1187043/"
"76","tt0107290","Sat Jan 26 10:11:56 2013","Sat Jan 26 10:11:56 2013","","Jurassic Park","Feature Film","Steven Spielberg","8.0","127","1993","adventure, family, sci_fi","276648","1993-06-09","http://www.imdb.com/title/tt0107290/"
"77","tt1446714","Sat Jan 26 10:17:08 2013","Sat Jan 26 10:17:08 2013","","Prometheus","Feature Film","Ridley Scott","7.2","124","2012","adventure, mystery, sci_fi","239660","2012-05-30","http://www.imdb.com/title/tt1446714/"
"78","tt1270798","Sat Jan 26 10:17:20 2013","Sat Jan 26 10:17:20 2013","","X-Men: First Class","Feature Film","Matthew Vaughn","7.8","132","2011","action, adventure, sci_fi","248538","2011-05-25","http://www.imdb.com/title/tt1270798/"
"79","tt0120903","Sat Jan 26 10:17:37 2013","Sat Jan 26 10:17:37 2013","","X-Men","Feature Film","Bryan Singer","7.4","104","2000","action, adventure, sci_fi","230376","2000-07-13","http://www.imdb.com/title/tt0120903/"
"80","tt0433035","Sat Jan 26 10:17:45 2013","Sat Jan 26 10:17:45 2013","","Real Steel","Feature Film","Shawn Levy","7.1","127","2011","action, drama, sci_fi, sport","138629","2011-09-06","http://www.imdb.com/title/tt0433035/"
"81","tt0945513","Sat Jan 26 10:17:55 2013","Sat Jan 26 10:17:55 2013","","Source Code","Feature Film","Duncan Jones","7.5","93","2011","mystery, sci_fi, thriller","198146","2011-03-11","http://www.imdb.com/title/tt0945513/"
"82","tt1637688","Sat Jan 26 10:18:22 2013","Sat Jan 26 10:18:22 2013","","In Time","Feature Film","Andrew Niccol","6.6","109","2011","action, sci_fi, thriller","141110","2011-10-26","http://www.imdb.com/title/tt1637688/"
"83","tt0181689","Sat Jan 26 10:18:51 2013","Sat Jan 26 10:18:51 2013","","Minority Report","Feature Film","Steven Spielberg","7.7","145","2002","action, mystery, sci_fi, thriller","241644","2002-06-17","http://www.imdb.com/title/tt0181689/"
"84","tt1796960","Sat Jan 26 10:19:06 2013","Sat Jan 26 10:19:06 2013","","Homeland","TV Series","","8.6","60","2011","crime, drama, mystery, thriller","66134","2011","http://www.imdb.com/title/tt1796960/"
"85","tt0903747","Sat Jan 26 10:19:30 2013","Sat Jan 26 10:19:30 2013","","Breaking Bad","TV Series","","9.4","45","2008","crime, drama, thriller","169984","2008","http://www.imdb.com/title/tt0903747/"
"86","tt1623288","Sat Jan 26 10:19:54 2013","Sat Jan 26 10:19:54 2013","","ParaNorman","Feature Film","Chris Butler, Sam Fell","7.0","92","2012","animation, adventure, comedy, family","26403","2012-08-03","http://www.imdb.com/title/tt1623288/"
"87","tt1001526","Sat Jan 26 10:20:10 2013","Sat Jan 26 10:20:10 2013","","Megamind","Feature Film","Tom McGrath","7.3","95","2010","animation, action, comedy, family, sci_fi","88958","2010-10-28","http://www.imdb.com/title/tt1001526/"
"88","tt0499549","Sat Jan 26 10:20:29 2013","Sat Jan 26 10:20:29 2013","","Avatar","Feature Film","James Cameron","8.0","162","2009","action, adventure, fantasy, sci_fi","526044","2009-12-10","http://www.imdb.com/title/tt0499549/"
"89","tt0438488","Sat Jan 26 10:20:41 2013","Sat Jan 26 10:20:41 2013","","Terminator Salvation","Feature Film","McG","6.7","115","2009","action, drama, sci_fi, thriller","174663","2009-05-14","http://www.imdb.com/title/tt0438488/"
"90","tt0238380","Sat Jan 26 10:21:00 2013","Sat Jan 26 10:21:00 2013","","Equilibrium","Feature Film","Kurt Wimmer","7.6","107","2002","action, drama, sci_fi, thriller","165389","2002-12-06","http://www.imdb.com/title/tt0238380/"
"91","tt0435625","Sat Jan 26 10:21:35 2013","Sat Jan 26 10:21:35 2013","","The Descent","Feature Film","Neil Marshall","7.3","99","2005","adventure, horror","95832","2005-03-11","http://www.imdb.com/title/tt0435625/"
"92","tt1386588","Sat Jan 26 10:21:47 2013","Sat Jan 26 10:21:47 2013","","The Other Guys","Feature Film","Adam McKay","6.6","107","2010","action, comedy, crime","101261","2010-08-02","http://www.imdb.com/title/tt1386588/"
"93","tt0386676","Sat Jan 26 10:22:19 2013","Sat Jan 26 10:22:19 2013","","The Office","TV Series","","8.8","22","2005","comedy, romance","103836","2005-03-24","http://www.imdb.com/title/tt0386676/"
"94","tt0970179","Sat Jan 26 10:22:38 2013","Sat Jan 26 10:22:38 2013","","Hugo","Feature Film","Martin Scorsese","7.7","126","2011","adventure, drama, family, mystery","140279","2011-10-10","http://www.imdb.com/title/tt0970179/"
"95","tt1059786","Sat Jan 26 10:22:52 2013","Sat Jan 26 10:22:52 2013","","Eagle Eye","Feature Film","D.J. Caruso","6.6","118","2008","action, mystery, thriller","103258","2008-09-16","http://www.imdb.com/title/tt1059786/"
"96","tt1409024","Sat Jan 26 10:23:12 2013","Sat Jan 26 10:23:12 2013","","Men in Black 3","Feature Film","Barry Sonnenfeld","6.9","106","2012","action, comedy, sci_fi","130104","2012-05-14","http://www.imdb.com/title/tt1409024/"
"97","tt0119654","Sat Jan 26 10:23:33 2013","Sat Jan 26 10:23:33 2013","","Men in Black","Feature Film","Barry Sonnenfeld","7.2","98","1997","action, comedy, sci_fi, thriller","233481","1997-07-02","http://www.imdb.com/title/tt0119654/"
"98","tt0120912","Sat Jan 26 10:23:44 2013","Sat Jan 26 10:23:44 2013","","Men in Black II","Feature Film","Barry Sonnenfeld","5.9","88","2002","action, comedy, sci_fi","146920","2002-07-03","http://www.imdb.com/title/tt0120912/"
"99","tt0448157","Sat Jan 26 10:23:58 2013","Sat Jan 26 10:23:58 2013","","Hancock","Feature Film","Peter Berg","6.5","92","2008","action, fantasy","187025","2008-06-16","http://www.imdb.com/title/tt0448157/"
"100","tt0454921","Sat Jan 26 10:24:10 2013","Sat Jan 26 10:24:10 2013","","The Pursuit of Happyness","Feature Film","Gabriele Muccino","7.8","117","2006","biography, drama","180669","2006-12-15","http://www.imdb.com/title/tt0454921/"
"101","tt0390022","Sat Jan 26 10:24:34 2013","Sat Jan 26 10:24:34 2013","","Friday Night Lights","Feature Film","Peter Berg","7.1","118","2004","action, drama, sport","30027","2004-10-06","http://www.imdb.com/title/tt0390022/"
"102","tt1023111","Sat Jan 26 10:24:54 2013","Sat Jan 26 10:24:54 2013","","Never Back Down","Feature Film","Jeff Wadlow","6.3","110","2008","action, drama, sport","46928","2008-03-04","http://www.imdb.com/title/tt1023111/"
"103","tt0286716","Sat Jan 26 10:25:50 2013","Sat Jan 26 10:25:50 2013","","Hulk","Feature Film","Ang Lee","5.7","138","2003","action, drama, sci_fi","125904","2003-06-17","http://www.imdb.com/title/tt0286716/"
"104","tt0800080","Sat Jan 26 10:26:19 2013","Sat Jan 26 10:26:19 2013","","The Incredible Hulk","Feature Film","Louis Leterrier","6.9","112","2008","action, sci_fi, thriller","180730","2008-06-06","http://www.imdb.com/title/tt0800080/"
"105","tt0290334","Sat Jan 26 10:26:32 2013","Sat Jan 26 10:26:32 2013","","X2","Feature Film","Bryan Singer","7.6","133","2003","action, adventure, sci_fi, thriller","218698","2003-04-24","http://www.imdb.com/title/tt0290334/"
"106","tt0898266","Sat Jan 26 10:26:57 2013","Sat Jan 26 10:26:57 2013","","The Big Bang Theory","TV Series","","8.6","21","2007","comedy","188691","2007-09-24","http://www.imdb.com/title/tt0898266/"
"107","tt0265666","Sat Jan 26 10:27:16 2013","Sat Jan 26 10:27:16 2013","","The Royal Tenenbaums","Feature Film","Wes Anderson","7.6","110","2001","comedy, drama","130459","2001-10-05","http://www.imdb.com/title/tt0265666/"
"108","tt1156398","Sat Jan 26 10:27:27 2013","Sat Jan 26 10:27:27 2013","","Zombieland","Feature Film","Ruben Fleischer","7.7","88","2009","comedy, horror","205938","2009-09-25","http://www.imdb.com/title/tt1156398/"
"109","tt0397101","Sat Jan 26 10:27:59 2013","Sat Jan 26 10:27:59 2013","","The Skeleton Key","Feature Film","Iain Softley","6.4","104","2005","drama, horror, mystery, thriller","56541","2005-07-29","http://www.imdb.com/title/tt0397101/"
"110","tt0217869","Sat Jan 26 10:28:22 2013","Sat Jan 26 10:28:22 2013","","Unbreakable","Feature Film","M. Night Shyamalan","7.2","106","2000","drama, mystery, sci_fi, thriller","159342","2000-11-14","http://www.imdb.com/title/tt0217869/"
"111","tt0948470","Sat Jan 26 10:28:45 2013","Sat Jan 26 10:28:45 2013","","The Amazing Spider-Man","Feature Film","Marc Webb","7.2","136","2012","action, adventure, fantasy","203360","2012-06-13","http://www.imdb.com/title/tt0948470/"
"112","tt0145487","Sat Jan 26 10:29:12 2013","Sat Jan 26 10:29:12 2013","","Spider-Man","Feature Film","Sam Raimi","7.3","121","2002","action, adventure, fantasy","301356","2002-04-30","http://www.imdb.com/title/tt0145487/"
"113","tt0413300","Sat Jan 26 10:29:18 2013","Sat Jan 26 10:29:18 2013","","Spider-Man 3","Feature Film","Sam Raimi","6.3","139","2007","action, fantasy","218927","2007-04-16","http://www.imdb.com/title/tt0413300/"
"114","tt0316654","Sat Jan 26 10:29:26 2013","Sat Jan 26 10:29:26 2013","","Spider-Man 2","Feature Film","Sam Raimi","7.5","127","2004","action, fantasy","227021","2004-06-25","http://www.imdb.com/title/tt0316654/"
"115","tt0241527","Sat Jan 26 10:29:46 2013","Sat Jan 26 10:29:46 2013","","Harry Potter and the Sorcerer's Stone","Feature Film","Chris Columbus","7.3","152","2001","adventure, family, fantasy","251045","2001-11-04","http://www.imdb.com/title/tt0241527/"
"116","tt0330373","Sat Jan 26 10:29:52 2013","Sat Jan 26 10:29:52 2013","","Harry Potter and the Goblet of Fire","Feature Film","Mike Newell","7.6","157","2005","adventure, family, fantasy, mystery","218642","2005-11-06","http://www.imdb.com/title/tt0330373/"
"117","tt0926084","Sat Jan 26 10:29:59 2013","Sat Jan 26 10:29:59 2013","","Harry Potter and the Deathly Hallows: Part 1","Feature Film","David Yates","7.6","146","2010","adventure, drama, fantasy, mystery","178336","2010-11-11","http://www.imdb.com/title/tt0926084/"
"118","tt0373889","Sat Jan 26 10:30:05 2013","Sat Jan 26 10:30:05 2013","","Harry Potter and the Order of the Phoenix","Feature Film","David Yates","7.4","138","2007","adventure, family, fantasy, mystery","202576","2007-06-28","http://www.imdb.com/title/tt0373889/"
"119","tt0317705","Sat Jan 26 10:30:30 2013","Sat Jan 26 10:30:30 2013","","The Incredibles","Feature Film","Brad Bird","8.0","115","2004","animation, action, adventure, family","274892","2004-10-27","http://www.imdb.com/title/tt0317705/"
"120","tt0327597","Sat Jan 26 10:30:41 2013","Sat Jan 26 10:30:41 2013","","Coraline","Feature Film","Henry Selick","7.7","100","2009","animation, fantasy, thriller","83859","2009-02-05","http://www.imdb.com/title/tt0327597/"
"121","tt1323594","Sat Jan 26 10:31:12 2013","Sat Jan 26 10:31:12 2013","","Despicable Me","Feature Film","Pierre Coffin, Chris Renaud","7.6","95","2010","animation, comedy, crime, family","138418","2010-06-20","http://www.imdb.com/title/tt1323594/"
"122","tt0398286","Sat Jan 26 10:31:30 2013","Sat Jan 26 10:31:30 2013","","Tangled","Feature Film","Nathan Greno, Byron Howard","7.8","100","2010","animation, comedy, family, fantasy, musical, romance","119489","2010-11-24","http://www.imdb.com/title/tt0398286/"
"123","tt0844471","Sat Jan 26 10:31:36 2013","Sat Jan 26 10:31:36 2013","","Cloudy with a Chance of Meatballs","Feature Film","Phil Lord, Chris Miller","7.0","90","2009","animation, comedy, family, fantasy","63949","2009-09-16","http://www.imdb.com/title/tt0844471/"
"124","tt0451079","Sat Jan 26 10:32:10 2013","Sat Jan 26 10:32:10 2013","","Horton Hears a Who!","Feature Film","Jimmy Hayward, Steve Martino","6.9","86","2008","animation, adventure, comedy, family, fantasy","66297","2008-03-03","http://www.imdb.com/title/tt0451079/"
"125","tt0109040","Sat Jan 26 10:32:23 2013","Sat Jan 26 10:32:23 2013","","Ace Ventura: Pet Detective","Feature Film","Tom Shadyac","6.8","86","1994","comedy","124483","1994-02-04","http://www.imdb.com/title/tt0109040/"
"126","tt1067106","Sat Jan 26 10:32:54 2013","Sat Jan 26 10:32:54 2013","","A Christmas Carol","Feature Film","Robert Zemeckis","6.8","96","2009","animation, comedy, drama, family, fantasy","38598","2009-11-03","http://www.imdb.com/title/tt1067106/"
"127","tt1068680","Sat Jan 26 10:33:01 2013","Sat Jan 26 10:33:01 2013","","Yes Man","Feature Film","Peyton Reed","6.9","104","2008","comedy, romance","160641","2008-12-09","http://www.imdb.com/title/tt1068680/"
"128","tt0315327","Sat Jan 26 10:33:16 2013","Sat Jan 26 10:33:16 2013","","Bruce Almighty","Feature Film","Tom Shadyac","6.6","101","2003","comedy, drama, fantasy","172297","2003-05-23","http://www.imdb.com/title/tt0315327/"
"129","tt0183505","Sat Jan 26 10:33:26 2013","Sat Jan 26 10:33:26 2013","","Me, Myself & Irene","Feature Film","Bobby Farrelly, Peter Farrelly","6.4","116","2000","comedy","118478","2000-06-15","http://www.imdb.com/title/tt0183505/"
"130","tt0119528","Sat Jan 26 10:33:36 2013","Sat Jan 26 10:33:36 2013","","Liar Liar","Feature Film","Tom Shadyac","6.7","86","1997","comedy, fantasy","123569","1997-03-21","http://www.imdb.com/title/tt0119528/"
"131","tt0110475","Sat Jan 26 10:33:49 2013","Sat Jan 26 10:33:49 2013","","The Mask","Feature Film","Charles Russell","6.7","101","1994","action, comedy, crime, fantasy, romance","145473","1994-07-29","http://www.imdb.com/title/tt0110475/"
"132","tt0758774","Sat Jan 26 10:34:30 2013","Sat Jan 26 10:34:30 2013","","Body of Lies","Feature Film","Ridley Scott","7.1","128","2008","action, drama, thriller","108792","2008-10-05","http://www.imdb.com/title/tt0758774/"
"133","tt0450259","Sat Jan 26 10:34:35 2013","Sat Jan 26 10:34:35 2013","","Blood Diamond","Feature Film","Edward Zwick","8.0","143","2006","adventure, drama, thriller","224340","2006-12-08","http://www.imdb.com/title/tt0450259/"
"134","tt0407887","Sat Jan 26 10:34:41 2013","Sat Jan 26 10:34:41 2013","","The Departed","Feature Film","Martin Scorsese","8.5","151","2006","crime, thriller","459760","2006-09-26","http://www.imdb.com/title/tt0407887/"
"135","tt0338751","Sat Jan 26 10:34:47 2013","Sat Jan 26 10:34:47 2013","","The Aviator","Feature Film","Martin Scorsese","7.5","170","2004","biography, drama","155184","2004-12-14","http://www.imdb.com/title/tt0338751/"
"136","tt0264464","Sat Jan 26 10:34:53 2013","Sat Jan 26 10:34:53 2013","","Catch Me If You Can","Feature Film","Steven Spielberg","7.9","141","2002","biography, comedy, crime, drama","257182","2002-12-16","http://www.imdb.com/title/tt0264464/"
"137","tt0163978","Sat Jan 26 10:35:01 2013","Sat Jan 26 10:35:01 2013","","The Beach","Feature Film","Danny Boyle","6.4","119","2000","adventure, drama, romance, thriller","100286","2000-02-02","http://www.imdb.com/title/tt0163978/"
"138","tt0120338","Sat Jan 26 10:35:09 2013","Sat Jan 26 10:35:09 2013","","Titanic","Feature Film","James Cameron","7.6","194","1997","drama, romance","440556","1997-11-01","http://www.imdb.com/title/tt0120338/"
"139","tt1210166","Sat Jan 26 10:35:50 2013","Sat Jan 26 10:35:50 2013","","Moneyball","Feature Film","Bennett Miller","7.6","133","2011","biography, drama, sport","144809","2011-09-09","http://www.imdb.com/title/tt1210166/"
"140","tt0421715","Sat Jan 26 10:36:00 2013","Sat Jan 26 10:36:00 2013","","The Curious Case of Benjamin Button","Feature Film","David Fincher","7.8","166","2008","drama, fantasy, mystery, romance","265832","2008-12-10","http://www.imdb.com/title/tt0421715/"
"141","tt0449467","Sat Jan 26 10:36:12 2013","Sat Jan 26 10:36:12 2013","","Babel","Feature Film","Alejandro González Iñárritu","7.5","143","2006","drama","164938","2006-05-23","http://www.imdb.com/title/tt0449467/"
"142","tt0356910","Sat Jan 26 10:36:18 2013","Sat Jan 26 10:36:18 2013","","Mr. & Mrs. Smith","Feature Film","Doug Liman","6.4","120","2005","action, comedy, romance","187503","2005-06-07","http://www.imdb.com/title/tt0356910/"
"143","tt0332452","Sat Jan 26 10:36:23 2013","Sat Jan 26 10:36:23 2013","","Troy","Feature Film","Wolfgang Petersen","7.1","163","2004","adventure, drama, history","220915","2004-05-09","http://www.imdb.com/title/tt0332452/"
"144","tt0208092","Sat Jan 26 10:36:42 2013","Sat Jan 26 10:36:42 2013","","Snatch.","Feature Film","Guy Ritchie","8.3","104","2000","crime, thriller","330254","2000-08-23","http://www.imdb.com/title/tt0208092/"
"145","tt1229238","Sat Jan 26 10:37:40 2013","Sat Jan 26 10:37:40 2013","","Mission: Impossible - Ghost Protocol","Feature Film","Brad Bird","7.4","133","2011","action, thriller","191248","2011-12-07","http://www.imdb.com/title/tt1229238/"
"146","tt1013743","Sat Jan 26 10:37:45 2013","Sat Jan 26 10:37:45 2013","","Knight and Day","Feature Film","James Mangold","6.3","109","2010","action, adventure, comedy, thriller","87235","2010-06-16","http://www.imdb.com/title/tt1013743/"
"147","tt0985699","Sat Jan 26 10:37:50 2013","Sat Jan 26 10:37:50 2013","","Valkyrie","Feature Film","Bryan Singer","7.1","121","2008","drama, history, thriller, war","108532","2008-12-25","http://www.imdb.com/title/tt0985699/"
"148","tt0317919","Sat Jan 26 10:37:59 2013","Sat Jan 26 10:37:59 2013","","Mission: Impossible III","Feature Film","J.J. Abrams","6.8","126","2006","action, adventure, thriller","146437","2006-04-24","http://www.imdb.com/title/tt0317919/"
"149","tt0325710","Sat Jan 26 10:38:07 2013","Sat Jan 26 10:38:07 2013","","The Last Samurai","Feature Film","Edward Zwick","7.7","154","2003","action, adventure, drama, history, war","193821","2003-11-22","http://www.imdb.com/title/tt0325710/"
"150","tt0808151","Sat Jan 26 10:39:04 2013","Sat Jan 26 10:39:04 2013","","Angels & Demons","Feature Film","Ron Howard","6.6","138","2009","mystery, thriller","121731","2009-05-04","http://www.imdb.com/title/tt0808151/"
"151","tt0382625","Sat Jan 26 10:39:30 2013","Sat Jan 26 10:39:30 2013","","The Da Vinci Code","Feature Film","Ron Howard","6.4","149","2006","mystery, thriller","191739","2006-05-17","http://www.imdb.com/title/tt0382625/"
"152","tt0317219","Sat Jan 26 10:39:35 2013","Sat Jan 26 10:39:35 2013","","Cars","Feature Film","John Lasseter, Joe Ranft","7.3","117","2006","animation, adventure, comedy, family, sport","130314","2006-03-14","http://www.imdb.com/title/tt0317219/"
"153","tt0338348","Sat Jan 26 10:39:44 2013","Sat Jan 26 10:39:44 2013","","The Polar Express","Feature Film","Robert Zemeckis","6.5","100","2004","animation, adventure, family, fantasy","63419","2004-10-21","http://www.imdb.com/title/tt0338348/"
"154","tt0362227","Sat Jan 26 10:39:51 2013","Sat Jan 26 10:39:51 2013","","The Terminal","Feature Film","Steven Spielberg","7.2","128","2004","comedy, drama","166597","2004-06-09","http://www.imdb.com/title/tt0362227/"
"155","tt0162222","Sat Jan 26 10:40:05 2013","Sat Jan 26 10:40:05 2013","","Cast Away","Feature Film","Robert Zemeckis","7.6","143","2000","adventure, drama","213073","2000-12-07","http://www.imdb.com/title/tt0162222/"
"156","tt0120363","Sat Jan 26 10:40:13 2013","Sat Jan 26 10:40:13 2013","","Toy Story 2","Feature Film","John Lasseter, Ash Brannon","8.0","92","1999","animation, adventure, comedy, family, fantasy","214683","1999-11-13","http://www.imdb.com/title/tt0120363/"
"157","tt0443543","Sat Jan 26 10:41:14 2013","Sat Jan 26 10:41:14 2013","","The Illusionist","Feature Film","Neil Burger","7.6","110","2006","drama, mystery, romance, thriller","178045","2006-04-27","http://www.imdb.com/title/tt0443543/"
"158","tt0317740","Sat Jan 26 10:41:23 2013","Sat Jan 26 10:41:23 2013","","The Italian Job","Feature Film","F. Gary Gray","6.9","111","2003","action, crime, thriller","171191","2003-05-30","http://www.imdb.com/title/tt0317740/"
"159","tt0117381","Sat Jan 26 10:41:54 2013","Sat Jan 26 10:41:54 2013","","Primal Fear","Feature Film","Gregory Hoblit","7.6","129","1996","crime, drama, mystery, thriller","75895","1996-04-03","http://www.imdb.com/title/tt0117381/"
"160","tt1397280","Sat Jan 26 10:42:24 2013","Sat Jan 26 10:42:24 2013","","Taken 2","Feature Film","Olivier Megaton","6.3","92","2012","action, crime, thriller","77517","2012-09-07","http://www.imdb.com/title/tt1397280/"
"161","tt0980970","Sat Jan 26 10:43:52 2013","Sat Jan 26 10:43:52 2013","","The Chronicles of Narnia: The Voyage of the Dawn Treader","Feature Film","Michael Apted","6.3","113","2010","adventure, family, fantasy","53743","2010-12-02","http://www.imdb.com/title/tt0980970/"
"162","tt0429493","Sat Jan 26 10:44:06 2013","Sat Jan 26 10:44:06 2013","","The A-Team","Feature Film","Joe Carnahan","6.8","117","2010","action, adventure, thriller","129093","2010-06-03","http://www.imdb.com/title/tt0429493/"
"163","tt0800320","Sat Jan 26 10:44:19 2013","Sat Jan 26 10:44:19 2013","","Clash of the Titans","Feature Film","Louis Leterrier","5.8","106","2010","action, adventure, fantasy","140486","2010-03-26","http://www.imdb.com/title/tt0800320/"
"164","tt0499448","Sat Jan 26 10:44:29 2013","Sat Jan 26 10:44:29 2013","","The Chronicles of Narnia: Prince Caspian","Feature Film","Andrew Adamson","6.6","150","2008","action, adventure, family, fantasy","87246","2008-05-09","http://www.imdb.com/title/tt0499448/"
"165","tt0936501","Sat Jan 26 10:44:35 2013","Sat Jan 26 10:44:35 2013","","Taken","Feature Film","Pierre Morel","7.9","93","2008","action, crime, thriller","276499","2008-02-27","http://www.imdb.com/title/tt0936501/"
"166","tt0363771","Sat Jan 26 10:44:44 2013","Sat Jan 26 10:44:44 2013","","The Chronicles of Narnia: The Lion, the Witch and the Wardrobe","Feature Film","Andrew Adamson","6.9","143","2005","adventure, family, fantasy","174065","2005-12-07","http://www.imdb.com/title/tt0363771/"
"167","tt0120915","Sat Jan 26 10:45:08 2013","Sat Jan 26 10:45:08 2013","","Star Wars: Episode I - The Phantom Menace","Feature Film","George Lucas","6.5","136","1999","action, adventure, fantasy, sci_fi","305885","1999-05-19","http://www.imdb.com/title/tt0120915/"
"168","tt1499658","Sat Jan 26 10:46:17 2013","Sat Jan 26 10:46:17 2013","","Horrible Bosses","Feature Film","Seth Gordon","6.9","98","2011","comedy, crime","177622","2011-07-08","http://www.imdb.com/title/tt1499658/"
"169","tt0348150","Sat Jan 26 10:46:37 2013","Sat Jan 26 10:46:37 2013","","Superman Returns","Feature Film","Bryan Singer","6.3","154","2006","action, adventure, fantasy, sci_fi","163628","2006-06-21","http://www.imdb.com/title/tt0348150/"
"170","tt0272152","Sat Jan 26 10:46:50 2013","Sat Jan 26 10:46:50 2013","","K-PAX","Feature Film","Iain Softley","7.2","120","2001","drama, sci_fi","90187","2001-10-22","http://www.imdb.com/title/tt0272152/"
"171","tt0120623","Sat Jan 26 10:47:04 2013","Sat Jan 26 10:47:04 2013","","A Bug's Life","Feature Film","John Lasseter, Andrew Stanton","7.2","95","1998","animation, adventure, comedy, family","120284","1998-11-14","http://www.imdb.com/title/tt0120623/"
"172","tt1570728","Sat Jan 26 10:48:48 2013","Sat Jan 26 10:48:48 2013","","Crazy, Stupid, Love.","Feature Film","Glenn Ficarra, John Requa","7.5","118","2011","comedy, drama, romance","177910","2011-07-28","http://www.imdb.com/title/tt1570728/"
"173","tt1279935","Sat Jan 26 10:49:27 2013","Sat Jan 26 10:49:27 2013","","Date Night","Feature Film","Shawn Levy","6.3","88","2010","comedy, crime, romance, thriller","78649","2010-04-06","http://www.imdb.com/title/tt1279935/"
"174","tt0449059","Sat Jan 26 10:49:54 2013","Sat Jan 26 10:49:54 2013","","Little Miss Sunshine","Feature Film","Jonathan Dayton, Valerie Faris","7.9","101","2006","adventure, comedy, drama","229169","2006-01-20","http://www.imdb.com/title/tt0449059/"
"175","tt1399103","Sat Jan 26 10:51:03 2013","Sat Jan 26 10:51:03 2013","","Transformers: Dark of the Moon","Feature Film","Michael Bay","6.3","154","2011","action, adventure, sci_fi","185637","2011-06-23","http://www.imdb.com/title/tt1399103/"
"176","tt1055369","Sat Jan 26 10:51:12 2013","Sat Jan 26 10:51:12 2013","","Transformers: Revenge of the Fallen","Feature Film","Michael Bay","5.9","150","2009","action, adventure, sci_fi, thriller","192820","2009-06-19","http://www.imdb.com/title/tt1055369/"
"177","tt0418279","Sat Jan 26 10:51:19 2013","Sat Jan 26 10:51:19 2013","","Transformers","Feature Film","Michael Bay","7.1","144","2007","action, adventure, sci_fi, thriller","328532","2007-06-12","http://www.imdb.com/title/tt0418279/"
"178","tt1253864","Sat Jan 26 10:52:46 2013","Sat Jan 26 10:52:46 2013","","Immortals","Feature Film","Tarsem Singh Dhandwar","6.1","110","2011","action, drama, fantasy","89028","2011-11-10","http://www.imdb.com/title/tt1253864/"
"179","tt0814255","Sat Jan 26 10:53:14 2013","Sat Jan 26 10:53:14 2013","","Percy Jackson & the Olympians: The Lightning Thief","Feature Film","Chris Columbus","5.8","118","2010","adventure, fantasy, mystery","66669","2010-02-10","http://www.imdb.com/title/tt0814255/"
"180","tt1509767","Sat Jan 26 10:53:32 2013","Sat Jan 26 10:53:32 2013","","The Three Musketeers","Feature Film","Paul W.S. Anderson","5.7","110","2011","action, adventure, comedy, romance","51285","2011-09-01","http://www.imdb.com/title/tt1509767/"
"181","tt1862079","Sat Jan 26 10:54:52 2013","Sat Jan 26 10:54:52 2013","","Safety Not Guaranteed","Feature Film","Colin Trevorrow","7.1","86","2012","comedy, romance, sci_fi","27448","2012-01-22","http://www.imdb.com/title/tt1862079/"
"182","tt1192628","Sat Jan 26 10:56:06 2013","Sat Jan 26 10:56:06 2013","","Rango","Feature Film","Gore Verbinski","7.3","107","2011","animation, adventure, comedy, family, western","101424","2011-02-14","http://www.imdb.com/title/tt1192628/"
"183","tt1014759","Sat Jan 26 10:56:12 2013","Sat Jan 26 10:56:12 2013","","Alice in Wonderland","Feature Film","Tim Burton","6.5","108","2010","adventure, family, fantasy","175801","2010-03-03","http://www.imdb.com/title/tt1014759/"
"184","tt0408236","Sat Jan 26 10:56:23 2013","Sat Jan 26 10:56:23 2013","","Sweeney Todd: The Demon Barber of Fleet Street","Feature Film","Tim Burton","7.5","116","2007","drama, horror, musical, thriller","177709","2007-12-03","http://www.imdb.com/title/tt0408236/"
"185","tt0367594","Sat Jan 26 10:56:37 2013","Sat Jan 26 10:56:37 2013","","Charlie and the Chocolate Factory","Feature Film","Tim Burton","6.8","115","2005","adventure, comedy, family, fantasy","184020","2005-07-10","http://www.imdb.com/title/tt0367594/"
"186","tt0099487","Sat Jan 26 10:57:06 2013","Sat Jan 26 10:57:06 2013","","Edward Scissorhands","Feature Film","Tim Burton","8.0","105","1990","drama, fantasy, romance","212595","1990-12-06","http://www.imdb.com/title/tt0099487/"
"187","tt1217209","Sat Jan 26 10:57:24 2013","Sat Jan 26 10:57:24 2013","","Brave","Feature Film","Mark Andrews, Brenda Chapman","7.2","93","2012","animation, action, adventure, comedy, family, fantasy","91633","2012-06-10","http://www.imdb.com/title/tt1217209/"
"188","tt1285016","Sat Jan 26 10:58:17 2013","Sat Jan 26 10:58:17 2013","","The Social Network","Feature Film","David Fincher","7.9","120","2010","biography, drama","260956","2010-09-24","http://www.imdb.com/title/tt1285016/"
"189","tt1436562","Sat Jan 26 10:58:57 2013","Sat Jan 26 10:58:57 2013","","Rio","Feature Film","Carlos Saldanha","7.0","96","2011","animation, adventure, comedy, family, musical","81185","2011-03-22","http://www.imdb.com/title/tt1436562/"
"190","tt1104001","Sat Jan 26 10:59:26 2013","Sat Jan 26 10:59:26 2013","","TRON: Legacy","Feature Film","Joseph Kosinski","6.9","125","2010","action, adventure, sci_fi","162436","2010-11-30","http://www.imdb.com/title/tt1104001/"
"191","tt0265208","Sat Jan 26 11:00:22 2013","Sat Jan 26 11:00:22 2013","","The Girl Next Door","Feature Film","Luke Greenfield","6.8","108","2004","comedy, drama, romance","112497","2004-02-18","http://www.imdb.com/title/tt0265208/"
"192","tt1496025","Sat Jan 26 11:00:56 2013","Sat Jan 26 11:00:56 2013","","Underworld: Awakening","Feature Film","Mårlind, Stein","6.3","88","2012","action, fantasy, horror","67852","2012-01-19","http://www.imdb.com/title/tt1496025/"
"193","tt0834001","Sat Jan 26 11:01:07 2013","Sat Jan 26 11:01:07 2013","","Underworld: Rise of the Lycans","Feature Film","Patrick Tatopoulos","6.5","92","2009","action, adventure, fantasy, sci_fi, thriller","68900","2009-01-22","http://www.imdb.com/title/tt0834001/"
"194","tt0389860","Sat Jan 26 11:01:19 2013","Sat Jan 26 11:01:19 2013","","Click","Feature Film","Frank Coraci","6.5","107","2006","comedy, drama, fantasy, romance","144829","2006-06-22","http://www.imdb.com/title/tt0389860/"
"195","tt0401855","Sat Jan 26 11:01:24 2013","Sat Jan 26 11:01:24 2013","","Underworld: Evolution","Feature Film","Len Wiseman","6.7","106","2006","action, fantasy, sci_fi, thriller","97666","2006-01-12","http://www.imdb.com/title/tt0401855/"
"196","tt0338526","Sat Jan 26 11:01:32 2013","Sat Jan 26 11:01:32 2013","","Van Helsing","Feature Film","Stephen Sommers","5.8","131","2004","action, adventure, fantasy, mystery, thriller","116052","2004-05-03","http://www.imdb.com/title/tt0338526/"
"197","tt0320691","Sat Jan 26 11:01:37 2013","Sat Jan 26 11:01:37 2013","","Underworld","Feature Film","Len Wiseman","6.9","121","2003","action, fantasy, thriller","131473","2003-09-08","http://www.imdb.com/title/tt0320691/"
"198","tt0240890","Sat Jan 26 11:01:45 2013","Sat Jan 26 11:01:45 2013","","Serendipity","Feature Film","Peter Chelsom","6.7","90","2001","comedy, romance, fantasy","56039","2001-09-13","http://www.imdb.com/title/tt0240890/"
"199","tt0458525","Sat Jan 26 11:02:37 2013","Sat Jan 26 11:02:37 2013","","X-Men Origins: Wolverine","Feature Film","Gavin Hood","6.7","107","2009","action, adventure, sci_fi, thriller","171211","2009-04-08","http://www.imdb.com/title/tt0458525/"
"200","tt0455824","Sat Jan 26 11:02:45 2013","Sat Jan 26 11:02:45 2013","","Australia","Feature Film","Baz Luhrmann","6.6","165","2008","adventure, drama, history, romance, war","69229","2008-11-18","http://www.imdb.com/title/tt0455824/"
"201","tt0414993","Sat Jan 26 11:03:00 2013","Sat Jan 26 11:03:00 2013","","The Fountain","Feature Film","Darren Aronofsky","7.3","96","2006","drama, romance, sci_fi","126539","2006-09-04","http://www.imdb.com/title/tt0414993/"
"202","tt0376994","Sat Jan 26 11:03:06 2013","Sat Jan 26 11:03:06 2013","","X-Men: The Last Stand","Feature Film","Brett Ratner","6.8","104","2006","action, adventure, sci_fi, thriller","204865","2006-05-22","http://www.imdb.com/title/tt0376994/"
"203","tt0244244","Sat Jan 26 11:03:23 2013","Sat Jan 26 11:03:23 2013","","Swordfish","Feature Film","Dominic Sena","6.4","99","2001","action, thriller, crime","108578","2001-06-04","http://www.imdb.com/title/tt0244244/"
"204","tt1190080","Sat Jan 26 11:04:06 2013","Sat Jan 26 11:04:06 2013","","2012","Feature Film","Roland Emmerich","5.8","158","2009","action, adventure, sci_fi","167061","2009-11-11","http://www.imdb.com/title/tt1190080/"
"205","tt0450385","Sat Jan 26 11:04:15 2013","Sat Jan 26 11:04:15 2013","","1408","Feature Film","Mikael Håfström","6.8","104","2007","horror, thriller","134091","2007-06-12","http://www.imdb.com/title/tt0450385/"
"206","tt0309698","Sat Jan 26 11:04:25 2013","Sat Jan 26 11:04:25 2013","","Identity","Feature Film","James Mangold","7.3","90","2003","mystery, thriller","108262","2003-04-25","http://www.imdb.com/title/tt0309698/"
"207","tt0113568","Sat Jan 26 11:05:02 2013","Sat Jan 26 11:05:02 2013","","Ghost in the Shell","Feature Film","Mamoru Oshii","7.9","83","1995","animation, action, mystery, sci_fi, thriller","45597","1995-11-18","http://www.imdb.com/title/tt0113568/"
"208","tt0347246","Sat Jan 26 11:05:43 2013","Sat Jan 26 11:05:43 2013","","Ghost in the Shell 2: Innocence","Feature Film","Mamoru Oshii","7.5","100","2004","animation, drama, sci_fi, thriller","16622","2004-03-06","http://www.imdb.com/title/tt0347246/"
"209","tt0094625","Sat Jan 26 11:06:33 2013","Sat Jan 26 11:06:33 2013","","Akira","Feature Film","Katsuhiro Otomo","8.0","124","1988","animation, drama, fantasy, sci_fi, thriller","60580","1988-07-16","http://www.imdb.com/title/tt0094625/"
"210","tt0118929","Sat Jan 26 11:06:55 2013","Sat Jan 26 11:06:55 2013","","Dark City","Feature Film","Alex Proyas","7.8","100","1998","mystery, sci_fi","103422","1998-02-27","http://www.imdb.com/title/tt0118929/"
"211","tt1038988","Sat Jan 26 11:07:18 2013","Sat Jan 26 11:07:18 2013","","[Rec]","Feature Film","Jaume Balagueró, Paco Plaza","7.6","78","2007","horror, mystery","78971","2007-08-29","http://www.imdb.com/title/tt1038988/"
"212","tt0441773","Sat Jan 26 11:08:22 2013","Sat Jan 26 11:08:22 2013","","Kung Fu Panda","Feature Film","Mark Osborne, John Stevenson","7.6","90","2008","animation, action, adventure, comedy, family","161932","2008-05-15","http://www.imdb.com/title/tt0441773/"
"213","tt1302011","Sat Jan 26 11:08:28 2013","Sat Jan 26 11:08:28 2013","","Kung Fu Panda 2","Feature Film","Jennifer Yuh Nelson","7.3","91","2011","animation, action, adventure, comedy, family","88236","2011-05-22","http://www.imdb.com/title/tt1302011/"
"214","tt0373074","Sat Jan 26 11:08:35 2013","Sat Jan 26 11:08:35 2013","","Kung Fu Hustle","Feature Film","Stephen Chow","7.7","99","2004","action, comedy, crime, fantasy","65521","2004-09-14","http://www.imdb.com/title/tt0373074/"
"215","tt1386932","Sat Jan 26 11:08:49 2013","Sat Jan 26 11:08:49 2013","","Ip Man 2","Feature Film","Wilson Yip","7.5","108","2010","action, biography, history","29255","2010-04-29","http://www.imdb.com/title/tt1386932/"
"216","tt1133985","Sat Jan 26 11:09:14 2013","Sat Jan 26 11:09:14 2013","","Green Lantern","Feature Film","Martin Campbell","5.8","114","2011","action, adventure, sci_fi, thriller","123707","2011-06-14","http://www.imdb.com/title/tt1133985/"
"217","tt0118971","Sat Jan 26 11:10:07 2013","Sat Jan 26 11:10:07 2013","","The Devil's Advocate","Feature Film","Taylor Hackford","7.4","144","1997","drama, mystery, thriller","154470","1997-10-17","http://www.imdb.com/title/tt0118971/"
"218","tt0086250","Sat Jan 26 11:10:29 2013","Sat Jan 26 11:10:29 2013","","Scarface","Feature Film","Brian De Palma","8.3","170","1983","crime, drama, thriller","289173","1983-12-01","http://www.imdb.com/title/tt0086250/"
"219","tt1121931","Sat Jan 26 11:11:17 2013","Sat Jan 26 11:11:17 2013","","Crank: High Voltage","Feature Film","Neveldine, Taylor","6.2","96","2009","action, comedy, crime, thriller","64629","2009-04-16","http://www.imdb.com/title/tt1121931/"
"220","tt0452608","Sat Jan 26 11:11:26 2013","Sat Jan 26 11:11:26 2013","","Death Race","Feature Film","Paul W.S. Anderson","6.4","105","2008","action, sci_fi, thriller","101941","2008-08-21","http://www.imdb.com/title/tt0452608/"
"221","tt0479884","Sat Jan 26 11:11:33 2013","Sat Jan 26 11:11:33 2013","","Crank","Feature Film","Neveldine, Taylor","7.0","88","2006","action, crime, thriller","126940","2006-08-31","http://www.imdb.com/title/tt0479884/"
"222","tt0383216","Sat Jan 26 11:11:48 2013","Sat Jan 26 11:11:48 2013","","The Pink Panther","Feature Film","Shawn Levy","5.3","93","2006","adventure, comedy, crime, mystery","43867","2006-01-19","http://www.imdb.com/title/tt0383216/"
"223","tt0388482","Sat Jan 26 11:11:59 2013","Sat Jan 26 11:11:59 2013","","Transporter 2","Feature Film","Louis Leterrier","6.2","87","2005","action, crime, thriller","87977","2005-08-03","http://www.imdb.com/title/tt0388482/"
"224","tt0293662","Sat Jan 26 11:12:12 2013","Sat Jan 26 11:12:12 2013","","The Transporter","Feature Film","Louis Leterrier, Cory Yuen","6.7","92","2002","action, crime, thriller","134429","2002-10-02","http://www.imdb.com/title/tt0293662/"
"225","tt0267804","Sat Jan 26 11:12:18 2013","Sat Jan 26 11:12:18 2013","","The One","Feature Film","James Wong","5.8","87","2001","action, sci_fi, thriller","53266","2001-11-02","http://www.imdb.com/title/tt0267804/"
"226","tt0342258","Sat Jan 26 11:12:59 2013","Sat Jan 26 11:12:59 2013","","Unleashed","Feature Film","Louis Leterrier","7.0","103","2005","action, crime, drama, thriller","58966","2005-02-02","http://www.imdb.com/title/tt0342258/"
"227","tt0306685","Sat Jan 26 11:13:07 2013","Sat Jan 26 11:13:07 2013","","Cradle 2 the Grave","Feature Film","Andrzej Bartkowiak","5.6","101","2003","action, crime, drama, thriller","23692","2003-02-28","http://www.imdb.com/title/tt0306685/"
"228","tt0165929","Sat Jan 26 11:13:17 2013","Sat Jan 26 11:13:17 2013","","Romeo Must Die","Feature Film","Andrzej Bartkowiak","5.9","115","2000","action, crime, thriller","40010","2000-03-20","http://www.imdb.com/title/tt0165929/"
"229","tt0944835","Sat Jan 26 11:14:36 2013","Sat Jan 26 11:14:36 2013","","Salt","Feature Film","Phillip Noyce","6.4","100","2010","action, crime, mystery, thriller","145166","2010-07-19","http://www.imdb.com/title/tt0944835/"
"230","tt0493464","Sat Jan 26 11:14:41 2013","Sat Jan 26 11:14:41 2013","","Wanted","Feature Film","Timur Bekmambetov","6.7","110","2008","action, crime, thriller","193654","2008-06-12","http://www.imdb.com/title/tt0493464/"
"231","tt0824747","Sat Jan 26 11:14:47 2013","Sat Jan 26 11:14:47 2013","","Changeling","Feature Film","Clint Eastwood","7.8","141","2008","drama, history, mystery, thriller","130332","2008-05-20","http://www.imdb.com/title/tt0824747/"
"232","tt0307453","Sat Jan 26 11:15:03 2013","Sat Jan 26 11:15:03 2013","","Shark Tale","Feature Film","Bibo Bergeron, Vicky Jenson","5.9","90","2004","animation, adventure, comedy, family","78249","2004-09-10","http://www.imdb.com/title/tt0307453/"
"233","tt0361862","Sat Jan 26 11:17:32 2013","Sat Jan 26 11:17:32 2013","","The Machinist","Feature Film","Brad Anderson","7.8","101","2004","drama, thriller","157593","2004-01-18","http://www.imdb.com/title/tt0361862/"
"234","tt0368909","Sat Jan 26 11:19:06 2013","Sat Jan 26 11:19:06 2013","","Ong-bak","Feature Film","Prachya Pinkaew","7.2","","2003","action, thriller","40764","2003-01-21","http://www.imdb.com/title/tt0368909/"
"235","tt1403981","Sat Jan 26 11:20:08 2013","Sat Jan 26 11:20:08 2013","","Remember Me","Feature Film","Allen Coulter","7.1","113","2010","drama, romance","62868","2010-03-01","http://www.imdb.com/title/tt1403981/"
"236","tt0246460","Sat Jan 26 11:20:26 2013","Sat Jan 26 11:20:26 2013","","Die Another Day","Feature Film","Lee Tamahori","6.0","133","2002","action, adventure, crime, thriller","110512","2002-11-18","http://www.imdb.com/title/tt0246460/"
"237","tt0143145","Sat Jan 26 11:20:32 2013","Sat Jan 26 11:20:32 2013","","The World Is Not Enough","Feature Film","Michael Apted","6.3","128","1999","action, adventure, crime, thriller","101947","1999-11-08","http://www.imdb.com/title/tt0143145/"
"238","tt0120347","Sat Jan 26 11:20:47 2013","Sat Jan 26 11:20:47 2013","","Tomorrow Never Dies","Feature Film","Roger Spottiswoode","6.4","119","1997","action, adventure, crime, thriller","92035","1997-12-12","http://www.imdb.com/title/tt0120347/"
"239","tt0113189","Sat Jan 26 11:20:57 2013","Sat Jan 26 11:20:57 2013","","GoldenEye","Feature Film","Martin Campbell","7.2","130","1995","action, crime, thriller","126709","1995-11-13","http://www.imdb.com/title/tt0113189/"
"240","tt0970416","Sat Jan 26 11:21:34 2013","Sat Jan 26 11:21:34 2013","","The Day the Earth Stood Still","Feature Film","Scott Derrickson","5.4","104","2008","drama, sci_fi, thriller","92799","2008-12-10","http://www.imdb.com/title/tt0970416/"
"241","tt0360486","Sat Jan 26 11:21:42 2013","Sat Jan 26 11:21:42 2013","","Constantine","Feature Film","Francis Lawrence","6.8","121","2005","action, fantasy, horror","141554","2005-02-08","http://www.imdb.com/title/tt0360486/"
"242","tt0242653","Sat Jan 26 11:21:56 2013","Sat Jan 26 11:21:56 2013","","The Matrix Revolutions","Feature Film","The Wachowski Brothers, The Wachowski Brothers","6.6","129","2003","action, adventure, sci_fi","226208","2003-10-27","http://www.imdb.com/title/tt0242653/"
"243","tt0234215","Sat Jan 26 11:22:03 2013","Sat Jan 26 11:22:03 2013","","The Matrix Reloaded","Feature Film","The Wachowski Brothers, The Wachowski Brothers","7.1","138","2003","action, sci_fi","263971","2003-05-07","http://www.imdb.com/title/tt0234215/"
"244","tt0111257","Sat Jan 26 11:22:20 2013","Sat Jan 26 11:22:20 2013","","Speed","Feature Film","Jan de Bont","7.2","116","1994","action, crime, thriller","161450","1994-06-10","http://www.imdb.com/title/tt0111257/"
"245","tt0258463","Sat Jan 26 11:22:45 2013","Sat Jan 26 11:22:45 2013","","The Bourne Identity","Feature Film","Doug Liman","7.9","119","2002","action, crime, mystery, thriller","237262","2002-06-06","http://www.imdb.com/title/tt0258463/"
"246","tt0372183","Sat Jan 26 11:22:52 2013","Sat Jan 26 11:22:52 2013","","The Bourne Supremacy","Feature Film","Paul Greengrass","7.7","108","2004","action, crime, thriller","201798","2004-07-15","http://www.imdb.com/title/tt0372183/"
"247","tt1037705","Sat Jan 26 11:23:09 2013","Sat Jan 26 11:23:09 2013","","The Book of Eli","Feature Film","The Hughes Brothers, The Hughes Brothers","6.8","118","2010","action, adventure, drama, thriller, western","131564","2010-01-11","http://www.imdb.com/title/tt1037705/"
"248","tt0165598","Sat Jan 26 11:23:19 2013","Sat Jan 26 11:23:19 2013","","That '70s Show","TV Series","","8.2","","1998","comedy, romance","61536","1998-08-23","http://www.imdb.com/title/tt0165598/"
"249","tt0800039","Sat Jan 26 11:24:35 2013","Sat Jan 26 11:24:35 2013","","Forgetting Sarah Marshall","Feature Film","Nicholas Stoller","7.3","111","2008","comedy, drama, romance","141058","2008-03-10","http://www.imdb.com/title/tt0800039/"
"250","tt0455590","Sat Jan 26 19:23:56 2013","Sat Jan 26 19:23:56 2013","","The Last King of Scotland","Feature Film","Kevin Macdonald","7.7","121","2006","biography, drama","95065","2006-09-01","http://www.imdb.com/title/tt0455590/"
"251","tt0783233","Sat Jan 26 19:36:17 2013","Sat Jan 26 19:36:17 2013","","Atonement","Feature Film","Joe Wright","7.8","123","2007","drama, mystery, romance, war","124019","2007-08-28","http://www.imdb.com/title/tt0783233/"
"252","tt0337978","Sun Jan 27 02:00:54 2013","Sun Jan 27 02:00:54 2013","","Live Free or Die Hard","Feature Film","Len Wiseman","7.3","128","2007","action, crime, thriller","224756","2007-06-12","http://www.imdb.com/title/tt0337978/"
"253","tt1013752","Sun Jan 27 02:01:06 2013","Sun Jan 27 02:01:06 2013","","Fast & Furious","Feature Film","Justin Lin","6.5","107","2009","action, crime, drama, thriller","95755","2009-03-12","http://www.imdb.com/title/tt1013752/"
"254","tt0343818","Sun Jan 27 02:01:25 2013","Sun Jan 27 02:01:25 2013","","I, Robot","Feature Film","Alex Proyas","7.0","115","2004","action, mystery, sci_fi, thriller","209981","2004-07-15","http://www.imdb.com/title/tt0343818/"
"255","tt0123755","Sun Jan 27 02:01:33 2013","Sun Jan 27 02:01:33 2013","","Cube","Feature Film","Vincenzo Natali","7.4","90","1997","horror, mystery, sci_fi, thriller","94404","1997-09-09","http://www.imdb.com/title/tt0123755/"
"256","tt1111422","Sun Jan 27 02:01:41 2013","Sun Jan 27 02:01:41 2013","","The Taking of Pelham 1 2 3","Feature Film","Tony Scott","6.4","106","2009","action, crime, thriller","85827","2009-06-04","http://www.imdb.com/title/tt1111422/"
"257","tt1596343","Sun Jan 27 02:01:47 2013","Sun Jan 27 02:01:47 2013","","Fast Five","Feature Film","Justin Lin","7.3","130","2011","action, crime, thriller","151650","2011-04-15","http://www.imdb.com/title/tt1596343/"
"258","tt1186367","Sun Jan 27 02:01:59 2013","Sun Jan 27 02:01:59 2013","","Ninja Assassin","Feature Film","James McTeigue","6.3","99","2009","action, crime, thriller","40748","2009-09-29","http://www.imdb.com/title/tt1186367/"
"259","tt0449088","Sun Jan 27 02:02:12 2013","Sun Jan 27 02:02:12 2013","","Pirates of the Caribbean: At World's End","Feature Film","Gore Verbinski","7.0","169","2007","action, adventure, fantasy","262930","2007-05-19","http://www.imdb.com/title/tt0449088/"
"260","tt0411477","Sun Jan 27 02:02:19 2013","Sun Jan 27 02:02:19 2013","","Hellboy II: The Golden Army","Feature Film","Guillermo del Toro","7.1","120","2008","action, adventure, fantasy, sci_fi","127695","2008-06-28","http://www.imdb.com/title/tt0411477/"
"261","tt0120616","Sun Jan 27 02:02:28 2013","Sun Jan 27 02:02:28 2013","","The Mummy","Feature Film","Stephen Sommers","6.9","125","1999","action, adventure, fantasy","188930","1999-04-16","http://www.imdb.com/title/tt0120616/"
"262","tt0976051","Sun Jan 27 02:02:37 2013","Sun Jan 27 02:02:37 2013","","The Reader","Feature Film","Stephen Daldry","7.6","124","2008","drama, romance","111981","2008-12-10","http://www.imdb.com/title/tt0976051/"
"263","tt0134847","Sun Jan 27 02:03:05 2013","Sun Jan 27 02:03:05 2013","","Pitch Black","Feature Film","David Twohy","7.1","109","2000","action, sci_fi, thriller","114359","2000-02-18","http://www.imdb.com/title/tt0134847/"
"264","tt0119567","Sun Jan 27 02:03:10 2013","Sun Jan 27 02:03:10 2013","","The Lost World: Jurassic Park","Feature Film","Steven Spielberg","6.3","129","1997","action, adventure, fantasy, sci_fi, thriller","147004","1997-05-19","http://www.imdb.com/title/tt0119567/"
"265","tt1078912","Sun Jan 27 02:29:38 2013","Sun Jan 27 02:29:38 2013","","Night at the Museum: Battle of the Smithsonian","Feature Film","Shawn Levy","5.9","105","2009","action, adventure, comedy, family, fantasy","63426","2009-05-14","http://www.imdb.com/title/tt1078912/"
"266","tt1155056","Sun Jan 27 02:29:50 2013","Sun Jan 27 02:29:50 2013","","I Love You, Man","Feature Film","John Hamburg","7.1","105","2009","comedy, romance","104927","2009-03-20","http://www.imdb.com/title/tt1155056/"
"267","tt1228705","Sun Jan 27 02:29:56 2013","Sun Jan 27 02:29:56 2013","","Iron Man 2","Feature Film","Jon Favreau","7.1","124","2010","action, adventure, sci_fi","231657","2010-04-26","http://www.imdb.com/title/tt1228705/"
"268","tt0405422","Sun Jan 27 02:30:01 2013","Sun Jan 27 02:30:01 2013","","The 40 Year Old Virgin","Feature Film","Judd Apatow","7.3","116","2005","comedy, romance","182068","2005-08-11","http://www.imdb.com/title/tt0405422/"
"269","tt1411697","Sun Jan 27 02:30:14 2013","Sun Jan 27 02:30:14 2013","","The Hangover Part II","Feature Film","Todd Phillips","6.5","102","2011","comedy","188459","2011-05-25","http://www.imdb.com/title/tt1411697/"
"270","tt0371746","Sun Jan 27 02:30:20 2013","Sun Jan 27 02:30:20 2013","","Iron Man","Feature Film","Jon Favreau","7.9","126","2008","action, adventure, sci_fi","351137","2008-04-14","http://www.imdb.com/title/tt0371746/"
"271","tt0432348","Sun Jan 27 02:30:51 2013","Sun Jan 27 02:30:51 2013","","Saw II","Feature Film","Darren Lynn Bousman","6.6","93","2005","horror","123337","2005-10-28","http://www.imdb.com/title/tt0432348/"
"272","tt1314655","Sun Jan 27 02:31:00 2013","Sun Jan 27 02:31:00 2013","","Devil","Feature Film","John Erick Dowdle","6.3","80","2010","horror, mystery, thriller","63354","2010-09-16","http://www.imdb.com/title/tt1314655/"
"273","tt0298130","Sun Jan 27 02:31:07 2013","Sun Jan 27 02:31:07 2013","","The Ring","Feature Film","Gore Verbinski","7.1","115","2002","horror, mystery, thriller","149097","2002-10-02","http://www.imdb.com/title/tt0298130/"
"274","tt0351283","Sun Jan 27 02:31:13 2013","Sun Jan 27 02:31:13 2013","","Madagascar","Feature Film","Eric Darnell, Tom McGrath","6.8","86","2005","animation, adventure, comedy, family","134158","2005-05-25","http://www.imdb.com/title/tt0351283/"
"275","tt1080016","Sun Jan 27 02:31:24 2013","Sun Jan 27 02:31:24 2013","","Ice Age: Dawn of the Dinosaurs","Feature Film","Carlos Saldanha, Mike Thurmeier","7.0","94","2009","animation, action, adventure, comedy, family, romance","86655","2009-07-01","http://www.imdb.com/title/tt1080016/"
"276","tt0126029","Sun Jan 27 02:31:45 2013","Sun Jan 27 02:31:45 2013","","Shrek","Feature Film","Andrew Adamson, Vicky Jenson","7.9","90","2001","animation, adventure, comedy, family, fantasy","275243","2001-04-22","http://www.imdb.com/title/tt0126029/"
"277","tt0396555","Sun Jan 27 02:31:56 2013","Sun Jan 27 02:31:56 2013","","Meet the Robinsons","Feature Film","Stephen Anderson","6.8","95","2007","animation, adventure, comedy, family, sci_fi","36073","2007-03-23","http://www.imdb.com/title/tt0396555/"
"278","tt0232500","Sun Jan 27 02:32:06 2013","Sun Jan 27 02:32:06 2013","","The Fast and the Furious","Feature Film","Rob Cohen","6.3","106","2001","action, crime, thriller","140100","2001-06-18","http://www.imdb.com/title/tt0232500/"
"279","tt0988045","Sun Jan 27 02:32:26 2013","Sun Jan 27 02:32:26 2013","","Sherlock Holmes","Feature Film","Guy Ritchie","7.6","128","2009","action, adventure, crime, mystery, thriller","267256","2009-12-24","http://www.imdb.com/title/tt0988045/"
"280","tt0364970","Sun Jan 27 02:32:42 2013","Sun Jan 27 02:32:42 2013","","Babylon A.D.","Feature Film","Mathieu Kassovitz","5.4","90","2008","action, adventure, sci_fi, thriller","53962","2008-08-20","http://www.imdb.com/title/tt0364970/"
"281","tt1515091","Sun Jan 27 02:32:58 2013","Sun Jan 27 02:32:58 2013","","Sherlock Holmes: A Game of Shadows","Feature Film","Guy Ritchie","7.5","129","2011","action, adventure, crime, mystery, thriller","180273","2011-12-10","http://www.imdb.com/title/tt1515091/"
"282","tt0356150","Sun Jan 27 02:33:31 2013","Sun Jan 27 02:33:31 2013","","EuroTrip","Feature Film","Jeff Schaffer","6.5","93","2004","adventure, comedy","103188","2004-02-20","http://www.imdb.com/title/tt0356150/"
"283","tt0486576","Sun Jan 27 02:34:01 2013","Sun Jan 27 02:34:01 2013","","Fantastic 4: Rise of the Silver Surfer","Feature Film","Tim Story","5.6","92","2007","action, fantasy, sci_fi, thriller","119597","2007-06-12","http://www.imdb.com/title/tt0486576/"
"284","tt0944834","Sun Jan 27 02:35:34 2013","Sun Jan 27 02:35:34 2013","","Dragon Hunters","Feature Film","Guillaume Ivernel, Arthur Qwak","6.6","80","2008","animation, adventure, family, fantasy","7164","2008-03-20","http://www.imdb.com/title/tt0944834/"
"285","tt1148204","Sun Jan 27 02:36:37 2013","Sun Jan 27 02:36:37 2013","","Orphan","Feature Film","Jaume Collet-Serra","7.0","123","2009","mystery, thriller","74664","2009-07-21","http://www.imdb.com/title/tt1148204/"
